date,code,open,high,low,close,volume
2021/5/25,600032.sh,4.07,4.88,4.07,4.88,1339017
2021/5/26,600032.sh,5.38,5.38,5.38,5.38,284787
2021/5/27,600032.sh,5.92,5.92,5.92,5.92,213725
2021/5/28,600032.sh,6.51,6.51,6.51,6.51,822564
2021/5/31,600032.sh,7.16,7.16,7.16,7.16,1366354
2021/6/1,600032.sh,7.87,7.87,7.87,7.87,790431
2021/6/2,600032.sh,8.65,8.65,8.65,8.65,1116150
2021/6/3,600032.sh,9.52,9.52,9.52,9.52,683764
2021/6/4,600032.sh,10.48,10.48,10.48,10.48,2209389
2021/6/7,600032.sh,11.53,11.53,11.53,11.53,3036504
2021/6/8,600032.sh,12.68,12.68,12.29,12.68,103532570
2021/6/9,600032.sh,12.68,13.91,11.86,13.01,154724372
2021/6/10,600032.sh,12.42,13.88,12.26,13.15,113424978
2021/6/11,600032.sh,14.02,14.31,12.81,13.57,120808196
2021/6/15,600032.sh,13.05,13.06,12.21,12.21,85476954
2021/6/16,600032.sh,11.80,11.80,10.99,11.18,69718294
2021/6/17,600032.sh,11.24,12.15,10.82,11.89,71174620
2021/6/18,600032.sh,11.66,12.65,11.29,12.65,78198118
2021/6/21,600032.sh,12.57,13.10,12.31,12.45,77551571
2021/6/22,600032.sh,12.55,13.70,12.55,13.70,108550518
2021/6/23,600032.sh,13.54,15.08,13.34,15.08,121902531
2021/6/24,600032.sh,15.58,16.11,13.57,13.58,97166785
2021/6/25,600032.sh,13.18,13.43,12.39,12.51,73070618
2021/6/28,600032.sh,12.38,12.68,12.15,12.52,44140008
2021/6/29,600032.sh,12.50,12.88,12.14,12.63,43838251
2021/6/30,600032.sh,12.45,12.46,11.43,11.76,47908859
2021/7/1,600032.sh,11.62,11.96,11.12,11.12,35855708
2021/7/2,600032.sh,11.13,11.21,10.41,10.44,34511419
2021/7/5,600032.sh,10.44,10.48,10.02,10.28,29845124
2021/7/6,600032.sh,10.27,11.30,10.15,11.30,53351298
2021/7/7,600032.sh,11.02,11.30,10.65,10.95,43357060
2021/7/8,600032.sh,11.12,11.60,11.07,11.30,44696692
2021/7/9,600032.sh,11.03,11.51,10.90,11.20,35210577
2021/7/12,600032.sh,11.05,11.06,10.79,10.85,29204109
2021/7/13,600032.sh,10.82,11.82,10.58,11.44,49440391
2021/7/14,600032.sh,11.42,11.67,11.08,11.12,35579708
2021/7/15,600032.sh,10.79,10.83,10.42,10.75,27112580
2021/7/16,600032.sh,10.78,10.97,10.54,10.56,21061932
2021/7/19,600032.sh,10.25,10.44,10.11,10.13,19544848
2021/7/20,600032.sh,9.96,10.17,9.76,10.11,14540896
2021/7/21,600032.sh,10.07,10.19,9.93,10.06,14454324
2021/7/22,600032.sh,10.04,10.25,10.02,10.06,14754635
2021/7/23,600032.sh,10.03,10.03,9.67,9.69,20477492
2021/7/26,600032.sh,9.66,9.66,8.97,9.31,18743986
2021/7/27,600032.sh,9.23,9.67,9.04,9.42,22401792
2021/7/28,600032.sh,9.24,9.33,8.70,8.74,17710299
2021/7/29,600032.sh,8.80,9.00,8.76,8.81,13356976
2021/7/30,600032.sh,8.86,9.69,8.79,9.69,33231032
2021/8/2,600032.sh,9.70,9.72,9.43,9.65,24342491
2021/8/3,600032.sh,9.68,10.07,9.33,9.50,21559936
2021/8/4,600032.sh,9.37,9.63,9.24,9.56,13771688
2021/8/5,600032.sh,9.50,9.82,9.40,9.71,16667055
2021/8/6,600032.sh,9.70,9.77,9.45,9.47,12990448
2021/8/9,600032.sh,9.48,9.60,9.34,9.37,11593174
2021/8/10,600032.sh,9.33,9.45,9.19,9.29,11210766
2021/8/11,600032.sh,9.36,10.22,9.30,10.22,28232844
2021/8/12,600032.sh,10.78,11.25,10.54,11.25,54478960
2021/8/13,600032.sh,11.60,12.37,11.49,12.37,100071304
2021/8/16,600032.sh,12.54,13.61,12.54,13.61,39514533
2021/8/17,600032.sh,14.60,14.86,12.24,12.97,116264928
2021/8/18,600032.sh,11.68,13.39,11.68,12.19,78860970
2021/8/19,600032.sh,11.84,12.01,10.98,10.99,65892621
2021/8/20,600032.sh,10.71,11.36,10.46,11.03,46097095
2021/8/23,600032.sh,10.96,11.38,10.79,11.17,42131216
2021/8/24,600032.sh,11.11,11.45,10.87,10.91,39841926
2021/8/25,600032.sh,10.83,12.00,10.65,12.00,57706282
2021/8/26,600032.sh,12.48,12.48,11.56,11.70,64358911
2021/8/27,600032.sh,11.53,12.15,11.53,11.86,47646346
2021/8/30,600032.sh,11.88,12.62,11.17,12.62,63844238
2021/8/31,600032.sh,12.45,12.61,12.04,12.12,44174900
2021/9/1,600032.sh,11.96,12.49,11.58,11.69,39039798
2021/9/2,600032.sh,11.46,12.86,11.22,12.56,74631911
2021/9/3,600032.sh,12.44,13.82,12.15,13.51,89538341
2021/9/6,600032.sh,13.34,13.36,12.29,12.79,56116194
2021/9/7,600032.sh,12.77,13.13,12.59,12.94,41625197
2021/9/8,600032.sh,13.12,13.63,13.03,13.05,55532855
2021/9/9,600032.sh,12.69,13.28,12.26,12.78,44274580
2021/9/10,600032.sh,12.58,12.66,11.95,12.06,43357333
2021/9/13,600032.sh,11.92,12.33,11.87,12.20,22137374
2021/9/14,600032.sh,12.26,12.36,11.66,11.83,21937241
2021/9/15,600032.sh,11.78,12.57,11.71,12.42,32490274
2021/9/16,600032.sh,12.34,12.49,11.82,11.83,25171844
2021/9/17,600032.sh,12.18,13.01,11.96,13.01,23383447
2021/9/22,600032.sh,14.31,14.31,14.31,14.31,7320904
2021/9/23,600032.sh,15.74,15.74,15.74,15.74,4479794
2021/9/24,600032.sh,17.32,17.32,17.32,17.32,10914468
2021/9/27,600032.sh,19.05,19.05,16.63,16.75,149746274
2021/9/28,600032.sh,15.08,17.99,15.08,17.37,129158073
2021/9/29,600032.sh,15.76,16.39,15.63,15.63,71962271
2021/9/30,600032.sh,14.89,16.32,14.56,15.76,74351911
2021/10/8,600032.sh,15.70,15.79,14.23,14.42,53174999
2021/10/11,600032.sh,14.58,15.16,13.76,14.70,50854140
2021/10/12,600032.sh,14.33,15.35,13.91,15.27,58973619
2021/10/13,600032.sh,14.79,14.86,14.29,14.38,39006800
2021/10/14,600032.sh,14.12,15.25,14.04,14.71,46632846
2021/10/15,600032.sh,14.60,15.78,14.31,15.39,62411384
2021/10/18,600032.sh,15.36,16.03,15.13,15.68,59559370
2021/10/19,600032.sh,15.54,16.35,15.18,15.83,58203184
2021/10/20,600032.sh,15.50,16.76,15.32,16.32,66549159
2021/10/21,600032.sh,16.33,16.34,15.55,15.73,49326896
2021/10/22,600032.sh,15.59,15.78,14.60,14.62,41697626
2021/10/25,600032.sh,14.62,15.44,14.62,15.21,32739134
2021/10/26,600032.sh,15.08,15.96,14.99,15.51,48053846
2021/10/27,600032.sh,15.51,16.79,15.20,16.10,63170477
2021/10/28,600032.sh,15.86,16.30,15.33,15.37,42810700
2021/10/29,600032.sh,15.42,15.68,14.42,15.00,34039845
2021/11/1,600032.sh,15.01,16.13,14.66,15.96,45819707
2021/11/2,600032.sh,15.86,16.20,15.15,15.33,44664555
2021/11/3,600032.sh,15.34,16.62,14.70,16.15,46210300
2021/11/4,600032.sh,16.04,17.48,15.90,16.87,59023918
2021/11/5,600032.sh,16.87,16.91,15.58,15.66,47715600
2021/11/8,600032.sh,15.66,15.96,15.37,15.90,27862908
2021/11/9,600032.sh,16.29,16.51,15.67,15.96,35230642
2021/11/10,600032.sh,15.49,15.68,15.00,15.31,34488014
2021/11/11,600032.sh,15.31,15.31,14.64,14.88,31210351
2021/11/12,600032.sh,14.73,15.03,14.65,14.89,19057577
2021/11/15,600032.sh,14.80,15.08,14.51,14.90,21027811
2021/11/16,600032.sh,15.08,15.37,14.92,15.22,24032670
2021/11/17,600032.sh,15.21,15.49,15.08,15.26,20909318
2021/11/18,600032.sh,15.31,16.26,15.20,15.76,39760447
2021/11/19,600032.sh,15.62,16.45,15.15,16.22,45047056
2021/11/22,600032.sh,16.13,16.41,15.77,16.14,35311355
2021/11/23,600032.sh,16.05,16.24,15.51,15.59,31549747
2021/11/24,600032.sh,15.76,16.62,15.29,16.07,44258239
2021/11/25,600032.sh,16.32,16.59,15.76,15.88,33632218
2021/11/26,600032.sh,15.63,15.78,15.37,15.52,20503886
2021/11/29,600032.sh,15.14,15.78,14.99,15.57,16412671
2021/11/30,600032.sh,15.62,15.84,15.33,15.42,18643145
2021/12/1,600032.sh,15.37,15.78,15.28,15.71,18744606
2021/12/2,600032.sh,15.69,15.78,15.38,15.39,14533560
2021/12/3,600032.sh,15.35,15.96,15.20,15.81,30989532
2021/12/6,600032.sh,15.86,16.19,15.62,15.68,25427946
2021/12/7,600032.sh,15.71,16.54,15.30,16.23,38962098
2021/12/8,600032.sh,16.23,16.78,16.02,16.08,32889775
2021/12/9,600032.sh,16.05,16.44,15.84,16.25,28334699
2021/12/10,600032.sh,16.05,16.41,15.86,15.96,21318259
2021/12/13,600032.sh,15.96,16.92,15.94,16.44,43884226
2021/12/14,600032.sh,16.28,16.63,16.06,16.32,24056904
2021/12/15,600032.sh,16.31,17.62,15.96,16.97,56685962
2021/12/16,600032.sh,16.97,17.12,16.60,16.74,30499245
2021/12/17,600032.sh,16.75,17.41,16.56,16.61,36275866
2021/12/20,600032.sh,16.45,16.50,15.57,15.63,31127333
2021/12/21,600032.sh,15.53,15.71,15.15,15.52,20042399
2021/12/22,600032.sh,15.53,15.66,15.31,15.40,11895600
2021/12/23,600032.sh,15.41,15.95,15.31,15.89,23969977
2021/12/24,600032.sh,15.89,16.17,15.47,15.57,22243898
2021/12/27,600032.sh,15.45,15.72,15.19,15.23,16874059
2021/12/28,600032.sh,15.13,15.17,14.55,14.84,21882102
2021/12/29,600032.sh,14.79,14.99,14.57,14.89,11618899
2021/12/30,600032.sh,14.82,15.06,14.77,14.79,11675100
2021/12/31,600032.sh,14.79,15.08,14.79,14.95,10076690
2022/1/4,600032.sh,15.02,15.08,14.70,14.75,9990373
2022/1/5,600032.sh,14.70,14.75,13.95,13.98,17409076
2022/1/6,600032.sh,13.96,14.12,13.74,14.01,8463197
2022/1/7,600032.sh,13.95,14.05,13.42,13.44,14065000
2022/1/10,600032.sh,13.37,13.44,12.94,13.34,9406408
2022/1/11,600032.sh,13.34,13.66,13.30,13.38,8411200
2022/1/12,600032.sh,13.39,13.67,13.39,13.64,7369759
2022/1/13,600032.sh,13.66,13.67,13.34,13.36,7180390
2022/1/14,600032.sh,13.33,13.44,13.05,13.09,7134400
2022/1/17,600032.sh,13.20,13.32,13.10,13.21,6599201
2022/1/18,600032.sh,13.29,13.53,13.14,13.44,9174159
2022/1/19,600032.sh,13.34,13.36,13.05,13.10,6632488
2022/1/20,600032.sh,13.08,13.19,12.52,12.76,10494048
2022/1/21,600032.sh,12.76,13.01,12.59,12.70,6805760
2022/1/24,600032.sh,12.53,12.82,12.24,12.79,8554055
2022/1/25,600032.sh,12.72,12.73,11.97,11.99,9488017
2022/1/26,600032.sh,12.16,12.50,11.97,12.20,7744815
2022/1/27,600032.sh,12.19,12.30,11.97,11.98,6094500
2022/1/28,600032.sh,11.99,12.30,11.76,12.08,7356959
2022/2/7,600032.sh,12.34,12.75,12.20,12.65,8804944
2022/2/8,600032.sh,12.66,12.79,12.52,12.79,7475475
2022/2/9,600032.sh,12.75,13.01,12.65,12.85,7934559
2022/2/10,600032.sh,12.86,13.09,12.72,12.92,8632874
2022/2/11,600032.sh,12.98,12.98,12.57,12.58,6676690
2022/2/14,600032.sh,12.50,12.67,12.34,12.44,4776100
2022/2/15,600032.sh,12.40,13.32,12.39,13.04,12646109
2022/2/16,600032.sh,13.02,13.32,12.89,13.17,11226423
2022/2/17,600032.sh,13.54,13.81,13.27,13.30,15472000
2022/2/18,600032.sh,13.10,13.30,12.99,13.26,9100454
2022/2/21,600032.sh,13.23,13.37,13.11,13.28,8054250
2022/2/22,600032.sh,13.28,13.62,12.98,13.24,12269400
2022/2/23,600032.sh,13.29,13.42,13.17,13.36,8436914
2022/2/24,600032.sh,13.34,13.76,12.81,13.09,17464359
2022/2/25,600032.sh,13.06,13.63,13.05,13.55,16677500
2022/2/28,600032.sh,13.54,13.71,13.07,13.55,15208748
2022/3/1,600032.sh,13.55,13.82,13.52,13.67,14147915
2022/3/2,600032.sh,13.63,13.65,13.40,13.51,8338467
2022/3/3,600032.sh,13.64,13.80,13.52,13.61,10085673
2022/3/4,600032.sh,13.62,13.78,13.25,13.48,10808459
2022/3/7,600032.sh,13.47,13.52,13.07,13.22,8208859
2022/3/8,600032.sh,13.21,13.24,12.61,12.74,8895500
2022/3/9,600032.sh,12.77,13.15,12.24,12.95,11369406
2022/3/10,600032.sh,13.15,13.48,12.95,13.29,11770354
2022/3/11,600032.sh,13.04,13.09,12.61,12.91,9712861
2022/3/14,600032.sh,12.83,12.83,12.18,12.19,9620072
2022/3/15,600032.sh,12.00,12.18,11.40,11.42,9807072
2022/3/16,600032.sh,11.60,11.75,11.05,11.71,9111659
2022/3/17,600032.sh,11.97,12.40,11.89,12.14,11296140
2022/3/18,600032.sh,12.28,12.74,12.03,12.67,13509364
2022/3/21,600032.sh,12.64,13.36,12.64,12.94,19198364
2022/3/22,600032.sh,13.04,13.11,12.62,12.66,10878776
2022/3/23,600032.sh,13.24,13.92,13.05,13.92,19248824
2022/3/24,600032.sh,15.32,15.32,14.02,14.05,70155407
2022/3/25,600032.sh,13.25,13.73,13.08,13.14,38798745
2022/3/28,600032.sh,12.82,13.02,12.44,12.55,23399749
2022/3/29,600032.sh,12.99,13.81,12.99,13.81,33892683
2022/3/30,600032.sh,14.08,14.59,13.57,14.03,51234479
2022/3/31,600032.sh,14.01,14.03,13.52,13.62,31376646
2022/4/1,600032.sh,13.36,13.81,13.21,13.60,21331135
2022/4/6,600032.sh,13.61,13.65,13.15,13.63,19063700
2022/4/7,600032.sh,13.39,13.44,12.96,12.96,16706175
2022/4/8,600032.sh,12.79,13.09,12.61,12.88,12660101
2022/4/11,600032.sh,12.80,12.81,11.89,12.07,15075158
2022/4/12,600032.sh,11.99,12.17,11.75,12.16,9355459
2022/4/13,600032.sh,12.18,12.18,11.77,11.78,8760400
2022/4/14,600032.sh,11.87,12.04,11.65,11.73,8076100
2022/4/15,600032.sh,11.68,12.15,11.52,12.11,14796877
2022/4/18,600032.sh,12.06,12.10,11.63,11.99,8698759
2022/4/19,600032.sh,11.92,12.25,11.80,12.05,8051045
2022/4/20,600032.sh,12.05,12.44,11.88,12.01,11939971
2022/4/21,600032.sh,11.97,11.97,11.39,11.47,10771552
2022/4/22,600032.sh,11.41,12.57,11.17,12.17,16278197
2022/4/25,600032.sh,12.04,12.33,11.42,11.48,13208959
2022/4/26,600032.sh,11.47,11.80,10.83,10.92,11420900
2022/4/27,600032.sh,10.92,11.43,10.52,11.42,12381608
2022/4/28,600032.sh,11.34,11.57,10.98,11.15,10034161
2022/4/29,600032.sh,11.60,11.77,11.31,11.59,13910859
2022/5/5,600032.sh,11.46,12.04,11.43,11.82,12296807
2022/5/6,600032.sh,11.51,11.79,11.46,11.58,8186759
2022/5/9,600032.sh,11.56,11.79,11.41,11.64,7273466
2022/5/10,600032.sh,11.51,11.99,11.39,11.88,12242492
2022/5/11,600032.sh,11.95,12.51,11.85,12.05,21840122
2022/5/12,600032.sh,12.21,12.64,12.01,12.34,20620210
2022/5/13,600032.sh,12.33,12.43,12.00,12.12,12178461
2022/5/16,600032.sh,12.12,12.22,11.81,11.92,9593900
2022/5/17,600032.sh,11.98,11.99,11.63,11.96,9553200
2022/5/18,600032.sh,11.95,12.14,11.86,11.98,9511400
2022/5/19,600032.sh,11.80,12.34,11.65,12.21,16761391
2022/5/20,600032.sh,12.22,12.37,12.07,12.18,11883784
2022/5/23,600032.sh,12.18,12.23,11.94,12.07,8666378
2022/5/24,600032.sh,12.43,12.45,11.44,11.47,16606470
2022/5/25,600032.sh,11.41,12.11,11.36,12.03,15910605
2022/5/26,600032.sh,12.15,12.36,11.92,12.23,16529022
2022/5/27,600032.sh,12.25,12.38,12.11,12.21,11299568
2022/5/30,600032.sh,12.25,12.47,12.04,12.45,13289225
2022/5/31,600032.sh,12.67,13.05,12.29,12.77,28362526
2022/6/1,600032.sh,12.51,12.70,12.29,12.65,18561875
2022/6/2,600032.sh,12.48,13.36,12.39,13.03,26236426
2022/6/6,600032.sh,13.02,13.15,12.80,13.08,20240162
2022/6/7,600032.sh,13.10,13.19,12.72,12.85,16466400
2022/6/8,600032.sh,12.85,13.00,12.51,12.79,14632820
2022/6/9,600032.sh,12.74,12.89,12.43,12.55,10866045
2022/6/10,600032.sh,12.64,12.96,12.41,12.95,17201000
2022/6/13,600032.sh,12.92,13.04,12.65,12.79,12626786
2022/6/14,600032.sh,12.65,12.83,12.28,12.75,12513800
2022/6/15,600032.sh,12.62,12.83,12.54,12.61,12931677
2022/6/16,600032.sh,12.61,12.90,12.55,12.71,11987665
2022/6/17,600032.sh,12.57,12.94,12.54,12.65,12315465
2022/6/20,600032.sh,12.63,13.33,12.63,13.21,27289926
2022/6/21,600032.sh,13.41,13.41,12.84,13.01,19120453
2022/6/22,600032.sh,13.14,13.15,12.72,12.74,13837700
2022/6/23,600032.sh,12.70,12.89,12.56,12.88,11936594
2022/6/24,600032.sh,12.89,13.15,12.79,12.93,12595080
2022/6/27,600032.sh,13.05,13.17,12.83,12.96,12944256
2022/6/28,600032.sh,13.15,13.35,13.06,13.35,22575895
2022/6/29,600032.sh,13.20,13.27,12.84,12.88,15973970
2022/6/30,600032.sh,12.89,14.17,12.89,14.17,33875992
2022/7/1,600032.sh,14.73,15.59,14.50,14.68,80820610
2022/7/4,600032.sh,14.23,14.99,13.85,14.57,48686244
2022/7/5,600032.sh,14.79,15.34,14.49,14.58,44966372
2022/7/6,600032.sh,14.50,15.05,14.05,14.22,34378879
2022/7/7,600032.sh,14.26,14.51,14.03,14.24,23424802
2022/7/8,600032.sh,14.37,14.74,14.20,14.35,24003757
2022/7/11,600032.sh,14.38,14.98,14.36,14.85,37803231
2022/7/12,600032.sh,14.87,14.99,14.01,14.02,30574900
2022/7/13,600032.sh,14.02,14.73,13.73,14.54,28745704
2022/7/14,600032.sh,14.47,15.01,14.19,14.75,29431644
2022/7/15,600032.sh,14.67,14.77,14.23,14.28,22605618
2022/7/18,600032.sh,14.70,15.15,14.62,15.08,38278325
2022/7/19,600032.sh,15.16,15.27,14.68,14.84,27742570
2022/7/20,600032.sh,14.84,14.87,14.52,14.72,18504991
2022/7/21,600032.sh,14.67,14.70,14.33,14.44,14914956
2022/7/22,600032.sh,14.43,14.65,14.23,14.51,14696890
2022/7/25,600032.sh,14.46,14.51,13.85,13.85,15843690
2022/7/26,600032.sh,13.76,13.91,13.49,13.88,10960834
2022/7/27,600032.sh,13.75,14.01,13.71,13.92,8810409
2022/7/28,600032.sh,13.93,14.24,13.75,13.77,12308750
2022/7/29,600032.sh,13.72,14.19,13.71,13.89,14238404
2022/8/1,600032.sh,13.78,13.89,13.45,13.88,12531659
2022/8/2,600032.sh,13.59,13.67,12.76,12.95,18739757
2022/8/3,600032.sh,12.88,13.22,12.61,12.64,11159514
2022/8/4,600032.sh,12.73,12.98,12.65,12.88,7405600
2022/8/5,600032.sh,12.89,12.93,12.66,12.91,7885560
2022/8/8,600032.sh,12.93,13.11,12.77,13.10,8173940
2022/8/9,600032.sh,13.01,13.34,12.96,13.07,9841414
2022/8/10,600032.sh,13.00,13.24,12.88,12.99,7412053
2022/8/11,600032.sh,13.05,13.13,12.96,13.12,7115437
2022/8/12,600032.sh,13.12,13.44,13.09,13.31,11183678
2022/8/15,600032.sh,13.33,13.53,13.20,13.50,11097308
2022/8/16,600032.sh,13.51,13.77,13.49,13.72,15448135
2022/8/17,600032.sh,13.88,14.35,13.84,14.04,24364235
2022/8/18,600032.sh,13.92,14.12,13.64,13.77,15510723
2022/8/19,600032.sh,13.85,14.50,13.57,14.36,29987009
2022/8/22,600032.sh,14.38,14.52,14.03,14.14,18253881
2022/8/23,600032.sh,14.05,14.18,13.87,14.04,12237945
2022/8/24,600032.sh,13.88,14.03,13.57,13.57,13625652
2022/8/25,600032.sh,13.76,14.01,13.54,13.86,13505267
2022/8/26,600032.sh,13.94,14.09,13.65,13.68,10637513
2022/8/29,600032.sh,13.41,13.87,13.38,13.82,8632013
2022/8/30,600032.sh,13.81,14.05,13.24,13.48,11666763
2022/8/31,600032.sh,13.49,13.54,12.82,12.90,11040517
2022/9/1,600032.sh,12.90,12.98,12.54,12.60,9857117
2022/9/2,600032.sh,12.60,12.84,12.55,12.70,6402700
2022/9/5,600032.sh,12.67,12.96,12.66,12.88,6117300
2022/9/6,600032.sh,12.93,13.16,12.79,13.15,7397751
2022/9/7,600032.sh,13.23,13.37,13.06,13.32,8487543
2022/9/8,600032.sh,13.38,13.88,13.27,13.36,14100796
2022/9/9,600032.sh,13.38,13.51,13.07,13.24,6828728
2022/9/13,600032.sh,13.26,13.37,12.91,12.98,7170042
2022/9/14,600032.sh,12.78,12.84,12.60,12.67,6619900
2022/9/15,600032.sh,12.74,12.74,11.95,12.20,10634186
2022/9/16,600032.sh,12.17,12.19,11.65,11.68,7689088
2022/9/19,600032.sh,11.65,11.73,11.37,11.73,4796000
2022/9/20,600032.sh,11.75,11.97,11.73,11.85,4892530
2022/9/21,600032.sh,11.90,11.92,11.61,11.85,3627900
2022/9/22,600032.sh,11.74,11.87,11.69,11.73,2850937
2022/9/23,600032.sh,11.71,11.82,11.41,11.51,4606612
2022/9/26,600032.sh,11.39,11.52,11.17,11.20,4790737
2022/9/27,600032.sh,11.27,11.49,11.25,11.49,4498600
2022/9/28,600032.sh,11.47,11.64,11.10,11.12,5929601
2022/9/29,600032.sh,11.18,11.31,10.97,11.01,4223659
2022/9/30,600032.sh,11.03,11.11,10.93,11.00,3095400
2022/10/10,600032.sh,11.03,11.13,10.60,10.69,5315962
2022/10/11,600032.sh,10.71,10.96,10.67,10.95,4608660
2022/10/12,600032.sh,10.86,11.34,10.84,11.33,5432302
2022/10/13,600032.sh,11.20,11.61,11.15,11.48,6028454
2022/10/14,600032.sh,11.48,11.68,11.44,11.59,5520273
2022/10/17,600032.sh,11.45,11.70,11.38,11.62,4833288
2022/10/18,600032.sh,11.69,11.77,11.55,11.67,4321402
2022/10/19,600032.sh,11.67,11.73,11.53,11.54,3992822
2022/10/20,600032.sh,11.52,11.65,11.39,11.44,3964751
2022/10/21,600032.sh,11.49,11.75,11.46,11.65,6120071
2022/10/24,600032.sh,11.65,11.77,11.37,11.44,5159900
2022/10/25,600032.sh,11.44,11.58,11.32,11.57,4126799
2022/10/26,600032.sh,11.63,11.78,11.54,11.73,5343018
2022/10/27,600032.sh,11.76,11.80,11.62,11.63,5102881
2022/10/28,600032.sh,11.63,11.68,10.96,11.02,7727496
2022/10/31,600032.sh,10.99,11.05,10.68,10.95,5072737
2022/11/1,600032.sh,11.07,11.31,10.95,11.31,5525100
2022/11/2,600032.sh,11.31,11.44,11.28,11.37,4732241
2022/11/3,600032.sh,11.35,11.47,11.32,11.37,4219787
2022/11/4,600032.sh,11.34,11.64,11.34,11.61,5584587
2022/11/7,600032.sh,11.61,11.78,11.54,11.69,5643000
2022/11/8,600032.sh,11.68,11.72,11.50,11.59,4897994
2022/11/9,600032.sh,11.61,11.65,11.45,11.54,4030744
2022/11/10,600032.sh,11.49,11.59,11.38,11.54,3576944
2022/11/11,600032.sh,11.59,11.86,11.56,11.62,5844201
2022/11/14,600032.sh,11.61,11.68,11.53,11.57,5374902
2022/11/15,600032.sh,11.60,11.93,11.55,11.88,8578495
2022/11/16,600032.sh,12.00,12.59,11.99,12.16,17264587
2022/11/17,600032.sh,11.95,12.17,11.85,12.08,7500584
2022/11/18,600032.sh,12.02,12.10,11.80,11.85,6434069
2022/11/21,600032.sh,11.80,11.96,11.65,11.88,4384839
2022/11/22,600032.sh,11.88,11.88,11.65,11.69,4719585
2022/11/23,600032.sh,11.64,11.84,11.60,11.81,5011108
2022/11/24,600032.sh,11.85,11.91,11.71,11.72,3591139
2022/11/25,600032.sh,11.72,11.84,11.64,11.75,3743807
2022/11/28,600032.sh,11.63,11.99,11.49,11.98,9068472
2022/11/29,600032.sh,11.98,12.10,11.83,12.09,9100025
2022/11/30,600032.sh,12.02,12.19,11.94,12.03,5506255
2022/12/1,600032.sh,12.11,12.13,11.98,12.12,6572131
2022/12/2,600032.sh,12.02,12.29,11.94,12.20,9585336
2022/12/5,600032.sh,12.20,12.33,12.13,12.27,10086614
2022/12/6,600032.sh,12.27,12.27,12.04,12.05,6154429
2022/12/7,600032.sh,12.02,12.19,11.98,12.05,5280300
2022/12/8,600032.sh,12.08,12.12,11.94,11.94,4723240
2022/12/9,600032.sh,11.95,12.01,11.81,11.93,6986955
2022/12/12,600032.sh,11.85,11.85,11.39,11.49,9307010
2022/12/13,600032.sh,11.48,11.71,11.41,11.57,5137226
2022/12/14,600032.sh,11.62,11.67,11.54,11.59,2499479
2022/12/15,600032.sh,11.54,11.63,11.50,11.59,2003567
2022/12/16,600032.sh,11.55,11.56,11.45,11.51,2551400
2022/12/19,600032.sh,11.51,11.57,11.15,11.19,3576436
2022/12/20,600032.sh,11.23,11.35,11.08,11.26,2082119
2022/12/21,600032.sh,11.35,11.35,10.99,11.08,2514400
2022/12/22,600032.sh,11.08,11.16,10.76,10.83,2944151
2022/12/23,600032.sh,10.73,10.91,10.73,10.84,2086200
2022/12/26,600032.sh,10.96,11.03,10.85,11.02,2535841
2022/12/27,600032.sh,11.05,11.12,11.00,11.03,1809959
2022/12/28,600032.sh,10.96,11.57,10.96,11.34,8452510
2022/12/29,600032.sh,11.16,11.25,10.99,11.02,4310267
2022/12/30,600032.sh,11.01,11.17,11.01,11.14,2944607
2023/1/3,600032.sh,11.13,11.44,11.05,11.42,5114760
2023/1/4,600032.sh,11.42,11.53,11.36,11.44,3760800
2023/1/5,600032.sh,11.48,11.53,11.33,11.44,3414844
2023/1/6,600032.sh,11.43,11.74,11.43,11.64,7009167
2023/1/9,600032.sh,11.67,11.76,11.55,11.71,5755697
2023/1/10,600032.sh,11.68,11.78,11.58,11.60,3895319
2023/1/11,600032.sh,11.59,11.68,11.48,11.52,3533745
2023/1/12,600032.sh,11.49,11.63,11.46,11.47,2444545
2023/1/13,600032.sh,11.51,11.54,11.34,11.40,2612300
2023/1/16,600032.sh,11.39,11.66,11.39,11.59,3931302
2023/1/17,600032.sh,11.66,11.68,11.53,11.59,3090632
2023/1/18,600032.sh,11.64,11.64,11.55,11.60,2418800
2023/1/19,600032.sh,11.64,11.64,11.48,11.59,2452787
2023/1/20,600032.sh,11.62,11.76,11.57,11.73,5655233
2023/1/30,600032.sh,11.74,11.85,11.70,11.70,6253914
2023/1/31,600032.sh,11.70,11.90,11.64,11.74,4438000
2023/2/1,600032.sh,11.74,11.78,11.70,11.78,6574515
2023/2/2,600032.sh,11.77,12.07,11.69,11.89,10087487
2023/2/3,600032.sh,11.88,11.88,11.69,11.79,4823132
2023/2/6,600032.sh,11.74,11.83,11.65,11.71,3167805
2023/2/7,600032.sh,11.77,11.78,11.65,11.71,4082105
2023/2/8,600032.sh,11.77,11.80,11.70,11.70,3346569
2023/2/9,600032.sh,11.68,11.75,11.65,11.73,3484074
2023/2/10,600032.sh,11.73,11.91,11.70,11.82,5236655
2023/2/13,600032.sh,11.82,12.01,11.81,11.92,6882900
2023/2/14,600032.sh,11.98,12.02,11.86,11.96,4732546
2023/2/15,600032.sh,11.99,11.99,11.78,11.81,4045196
2023/2/16,600032.sh,11.80,11.84,11.36,11.50,7345913
2023/2/17,600032.sh,11.50,11.58,11.41,11.42,3899838
2023/2/20,600032.sh,11.40,11.53,11.31,11.50,2907524
2023/2/21,600032.sh,11.52,11.58,11.46,11.56,3579300
2023/2/22,600032.sh,11.49,11.58,11.46,11.52,2112000
2023/2/23,600032.sh,11.51,11.54,11.45,11.51,2401612
2023/2/24,600032.sh,11.52,11.53,11.38,11.38,2810600
2023/2/27,600032.sh,11.34,11.45,11.33,11.35,2004677
2023/2/28,600032.sh,11.37,11.41,11.31,11.39,2578575
2023/3/1,600032.sh,11.44,11.44,11.36,11.42,2146952
2023/3/2,600032.sh,11.39,11.48,11.38,11.41,2695165
2023/3/3,600032.sh,11.43,11.53,11.41,11.52,4092091
2023/3/6,600032.sh,11.52,11.56,11.43,11.55,3589783
2023/3/7,600032.sh,11.56,11.57,11.33,11.33,3509251
2023/3/8,600032.sh,11.33,11.37,11.24,11.29,2791817
2023/3/9,600032.sh,11.32,11.33,11.19,11.23,2536803
2023/3/10,600032.sh,11.16,11.21,11.02,11.17,2978500
2023/3/13,600032.sh,11.15,11.25,11.09,11.14,2214552
2023/3/14,600032.sh,11.11,11.23,11.01,11.16,2867580
2023/3/15,600032.sh,11.16,11.25,11.16,11.22,2447573
2023/3/16,600032.sh,11.16,11.20,10.99,11.01,2645400
2023/3/17,600032.sh,11.02,11.09,11.01,11.02,2358641
2023/3/20,600032.sh,11.04,11.12,11.02,11.06,1848700
2023/3/21,600032.sh,11.05,11.09,11.01,11.08,2377048
2023/3/22,600032.sh,11.05,11.14,11.03,11.11,2436580
2023/3/23,600032.sh,11.07,11.19,11.05,11.15,2675099
2023/3/24,600032.sh,11.15,11.32,11.14,11.23,2961925
2023/3/27,600032.sh,11.24,11.24,11.04,11.10,2830700
2023/3/28,600032.sh,11.11,11.13,11.00,11.01,2187101
2023/3/29,600032.sh,11.01,11.05,10.91,10.93,2144887
2023/3/30,600032.sh,10.91,11.00,10.86,11.00,1758642
2023/3/31,600032.sh,11.01,11.07,10.99,11.02,1598800
2023/4/3,600032.sh,11.02,11.73,11.02,11.50,9355016
2023/4/4,600032.sh,11.54,11.57,11.31,11.43,4463163
2023/4/6,600032.sh,11.40,11.57,11.34,11.42,3592312
2023/4/7,600032.sh,11.43,11.51,11.30,11.35,3435265
2023/4/10,600032.sh,11.35,11.39,11.28,11.39,3035200
2023/4/11,600032.sh,11.39,11.45,11.15,11.17,4757349
2023/4/12,600032.sh,11.24,11.24,11.10,11.11,2633884
2023/4/13,600032.sh,11.15,11.38,11.13,11.22,4703151
2023/4/14,600032.sh,11.25,11.28,11.08,11.23,3680600
2023/4/17,600032.sh,11.21,11.35,11.20,11.26,3910445
2023/4/18,600032.sh,11.33,11.33,11.13,11.14,2713307
2023/4/19,600032.sh,11.17,11.20,11.08,11.08,2537645
2023/4/20,600032.sh,11.04,11.11,10.96,11.01,2774500
2023/4/21,600032.sh,11.01,11.08,10.89,10.89,2836798
2023/4/24,600032.sh,11.00,11.03,10.81,10.92,2027100
2023/4/25,600032.sh,10.89,10.98,10.67,10.73,3063198
2023/4/26,600032.sh,10.76,11.49,10.69,11.05,5041700
2023/4/27,600032.sh,11.10,11.10,10.97,11.02,2190700
2023/4/28,600032.sh,10.91,11.02,10.80,10.96,3857440
2023/5/4,600032.sh,11.02,11.07,10.94,10.97,2749799
2023/5/5,600032.sh,10.94,10.99,10.75,10.84,3259452
2023/5/8,600032.sh,10.84,10.99,10.83,10.90,2550552
2023/5/9,600032.sh,10.86,10.94,10.73,10.78,3115658
2023/5/10,600032.sh,10.75,10.85,10.72,10.80,2071323
2023/5/11,600032.sh,10.86,10.99,10.78,10.95,2962480
2023/5/12,600032.sh,10.94,11.06,10.87,10.96,2731362
2023/5/15,600032.sh,10.97,11.15,10.97,11.07,4546756
2023/5/16,600032.sh,11.05,11.13,10.94,11.05,3616701
2023/5/17,600032.sh,10.96,11.18,10.95,11.15,5002162
2023/5/18,600032.sh,11.13,11.13,10.93,10.99,3852000
2023/5/19,600032.sh,11.00,11.01,10.84,10.86,2948600
2023/5/22,600032.sh,10.91,11.95,10.87,11.95,33748980
2023/5/23,600032.sh,11.76,11.92,11.52,11.54,21581682
2023/5/24,600032.sh,11.48,12.60,11.48,12.08,32589197
2023/5/25,600032.sh,12.09,13.24,11.88,13.06,49219596
2023/5/26,600032.sh,12.83,12.83,11.92,12.25,34940625
2023/5/29,600032.sh,12.07,12.60,11.64,12.32,25041738
2023/5/30,600032.sh,12.17,12.60,12.10,12.29,21876783
2023/5/31,600032.sh,12.13,12.13,11.75,11.82,17332198
2023/6/1,600032.sh,11.81,11.97,11.64,11.73,12684729
2023/6/2,600032.sh,11.71,11.91,11.71,11.76,10361029
2023/6/5,600032.sh,11.77,12.09,11.73,12.01,15135507
2023/6/6,600032.sh,11.94,11.94,11.47,11.50,13695096
2023/6/7,600032.sh,11.53,11.56,11.35,11.43,6854080
2023/6/8,600032.sh,11.43,11.62,11.38,11.60,6985119
2023/6/9,600032.sh,11.60,11.71,11.48,11.62,7426975
2023/6/12,600032.sh,11.59,11.70,11.49,11.51,6741310
2023/6/13,600032.sh,11.49,11.62,11.47,11.60,6361374
2023/6/14,600032.sh,11.59,11.65,11.34,11.39,6966400
2023/6/15,600032.sh,11.33,11.52,11.33,11.49,6263623
2023/6/16,600032.sh,11.51,12.18,11.44,11.92,14561377
2023/6/19,600032.sh,11.79,12.07,11.71,12.00,12358874
2023/6/20,600032.sh,11.93,12.01,11.77,11.79,7382439
2023/6/21,600032.sh,11.79,12.85,11.79,12.31,25700409
2023/6/26,600032.sh,12.28,12.95,12.20,12.76,32031652
2023/6/27,600032.sh,12.58,12.58,12.12,12.32,20214052
2023/6/28,600032.sh,12.19,12.75,12.14,12.30,17830688
2023/6/29,600032.sh,12.37,12.45,11.98,12.01,15248886
2023/6/30,600032.sh,11.97,12.51,11.87,12.18,15337115
2023/7/3,600032.sh,12.13,12.33,12.06,12.32,12250105
2023/7/4,600032.sh,12.21,12.37,12.17,12.29,8262500
2023/7/5,600032.sh,12.30,12.56,12.21,12.24,10674861
2023/7/6,600032.sh,12.25,12.32,12.00,12.13,7117400
2023/7/7,600032.sh,12.06,12.28,12.06,12.20,7516189
2023/7/10,600032.sh,12.20,12.49,12.07,12.17,8275552
2023/7/11,600032.sh,12.19,12.23,11.75,12.13,9513354
2023/7/12,600032.sh,12.13,12.14,11.87,11.88,6748969
2023/7/13,600032.sh,11.89,11.98,11.82,11.84,5240011
2023/7/14,600032.sh,11.67,11.67,11.25,11.39,13168555
2023/7/17,600032.sh,11.27,11.41,11.14,11.30,6312458
2023/7/18,600032.sh,11.30,11.31,11.11,11.16,4031656
2023/7/19,600032.sh,11.16,11.26,11.11,11.26,3826619
2023/7/20,600032.sh,11.27,11.30,10.98,11.01,6715413
2023/7/21,600032.sh,11.02,11.10,11.00,11.07,3325540
2023/7/24,600032.sh,11.08,11.16,10.98,11.14,2995800
2023/7/25,600032.sh,11.24,11.24,11.11,11.19,4034979
2023/7/26,600032.sh,11.14,11.17,11.05,11.13,2660125
2023/7/27,600032.sh,11.13,11.19,11.07,11.07,2641986
2023/7/28,600032.sh,11.02,11.15,10.92,11.10,4030120
2023/7/31,600032.sh,11.10,11.35,11.05,11.32,7279510
2023/8/1,600032.sh,11.30,11.41,11.25,11.35,5091626
2023/8/2,600032.sh,11.35,11.35,11.18,11.22,3619200
2023/8/3,600032.sh,11.21,11.27,11.13,11.21,2660100
2023/8/4,600032.sh,11.33,11.33,11.17,11.17,3047700
2023/8/7,600032.sh,11.17,11.18,11.07,11.10,2918832
2023/8/8,600032.sh,11.13,11.16,11.03,11.12,2923493
2023/8/9,600032.sh,11.13,11.13,11.00,11.05,2368200
2023/8/10,600032.sh,11.05,11.10,11.01,11.07,2110900
2023/8/11,600032.sh,11.07,11.10,10.87,10.88,3560216
2023/8/14,600032.sh,10.88,10.93,10.79,10.93,2764875
2023/8/15,600032.sh,10.94,10.99,10.82,10.89,1863336
2023/8/16,600032.sh,10.87,10.87,10.73,10.74,2468800
2023/8/17,600032.sh,10.71,10.85,10.56,10.83,2388300
2023/8/18,600032.sh,10.83,10.88,10.73,10.73,2354055
2023/8/21,600032.sh,10.77,10.77,10.56,10.57,2872100
2023/8/22,600032.sh,10.60,10.65,10.19,10.35,4555799
2023/8/23,600032.sh,10.33,10.35,10.09,10.11,2939527
2023/8/24,600032.sh,10.19,10.19,9.99,10.09,2088700
2023/8/25,600032.sh,10.04,10.13,9.90,9.90,2509800
2023/8/28,600032.sh,10.24,10.35,9.95,9.99,4636900
2023/8/29,600032.sh,9.99,10.23,9.96,10.18,3677483
2023/8/30,600032.sh,10.18,10.24,9.99,10.05,4579100
2023/8/31,600032.sh,10.10,10.11,9.92,9.97,2826200
2023/9/1,600032.sh,9.98,10.03,9.90,9.97,2782900
2023/9/4,600032.sh,10.01,10.07,9.95,10.06,6114900
2023/9/5,600032.sh,10.02,10.19,10.00,10.17,5257400
2023/9/6,600032.sh,10.16,10.16,10.05,10.10,3917889
2023/9/7,600032.sh,10.09,10.10,9.91,9.93,3605400
2023/9/8,600032.sh,9.94,10.01,9.86,10.01,3207262
2023/9/11,600032.sh,10.01,10.42,9.93,10.41,6250862
2023/9/12,600032.sh,10.26,10.35,10.18,10.28,4631300
2023/9/13,600032.sh,10.28,10.33,10.12,10.18,2800800
2023/9/14,600032.sh,10.20,10.25,10.15,10.24,2306402
2023/9/15,600032.sh,10.19,10.28,10.09,10.13,2409446
2023/9/18,600032.sh,10.10,10.16,10.03,10.10,1643000
2023/9/19,600032.sh,10.12,10.16,10.05,10.08,1500655
2023/9/20,600032.sh,10.03,10.08,9.94,9.95,1508000
2023/9/21,600032.sh,9.95,9.95,9.74,9.74,2979890
2023/9/22,600032.sh,9.71,9.94,9.46,9.92,4407692
2023/9/25,600032.sh,9.91,9.91,9.76,9.82,1853920
2023/9/26,600032.sh,9.77,9.95,9.73,9.86,2270612
2023/9/27,600032.sh,9.87,9.93,9.82,9.88,2121200
2023/9/28,600032.sh,9.88,9.95,9.86,9.93,1638200
2023/10/9,600032.sh,9.93,9.93,9.75,9.83,2394000
2023/10/10,600032.sh,9.83,9.87,9.68,9.70,1998100
2023/10/11,600032.sh,9.72,9.73,9.60,9.61,2470100
2023/10/12,600032.sh,9.70,9.74,9.62,9.73,1959400
2023/10/13,600032.sh,9.70,9.74,9.41,9.46,3824500
2023/10/16,600032.sh,9.44,9.44,9.26,9.28,2696300
2023/10/17,600032.sh,9.27,9.41,9.27,9.31,1618800
2023/10/18,600032.sh,9.34,9.37,9.13,9.13,2058100
2023/10/19,600032.sh,9.11,9.33,9.09,9.16,2858083
2023/10/20,600032.sh,9.11,9.24,9.07,9.15,1865459
2023/10/23,600032.sh,9.09,9.09,8.77,8.78,3151300
2023/10/24,600032.sh,8.82,9.07,8.76,9.04,3712827
2023/10/25,600032.sh,9.04,9.25,9.04,9.15,2976500
2023/10/26,600032.sh,8.80,8.94,8.23,8.23,25890071
2023/10/27,600032.sh,8.09,8.32,7.98,8.30,22236290
2023/10/30,600032.sh,8.22,8.33,8.12,8.19,13551282
2023/10/31,600032.sh,8.17,8.20,8.05,8.08,9447152
2023/11/1,600032.sh,8.10,8.17,8.06,8.14,8386883
2023/11/2,600032.sh,8.14,8.17,8.00,8.00,9521009
2023/11/3,600032.sh,8.02,8.24,8.01,8.12,14329406
2023/11/6,600032.sh,8.15,8.28,8.15,8.25,10483245
2023/11/7,600032.sh,8.23,8.40,8.19,8.38,12787641
2023/11/8,600032.sh,8.38,8.39,8.23,8.27,9609275
2023/11/9,600032.sh,8.27,8.37,8.22,8.28,8932802
2023/11/10,600032.sh,8.29,8.31,8.14,8.29,10303029
2023/11/13,600032.sh,8.29,8.37,8.16,8.32,10512710
2023/11/14,600032.sh,8.29,8.40,8.27,8.35,9622235
2023/11/15,600032.sh,8.36,8.45,8.33,8.40,11260608
2023/11/16,600032.sh,8.42,8.42,8.24,8.24,11313112
2023/11/17,600032.sh,8.23,8.29,8.19,8.25,8913531
2023/11/20,600032.sh,8.30,8.35,8.23,8.26,11149879
2023/11/21,600032.sh,8.29,8.30,8.20,8.21,8117168
2023/11/22,600032.sh,8.20,8.23,8.12,8.13,7028700
2023/11/23,600032.sh,8.13,8.18,8.08,8.16,7867947
2023/11/24,600032.sh,8.14,8.14,8.00,8.02,7663099
2023/11/27,600032.sh,8.02,8.15,7.97,8.09,7543617
2023/11/28,600032.sh,8.06,8.14,8.01,8.13,5893585
2023/11/29,600032.sh,8.12,8.15,8.00,8.01,5102300
2023/11/30,600032.sh,8.02,8.04,7.95,7.98,5112901
2023/12/1,600032.sh,7.99,7.99,7.88,7.95,5264036
2023/12/4,600032.sh,7.95,7.95,7.85,7.91,6741400
2023/12/5,600032.sh,7.87,7.97,7.80,7.82,5659000
2023/12/6,600032.sh,7.83,7.88,7.73,7.83,4849524
2023/12/7,600032.sh,7.83,7.83,7.65,7.74,7935900
2023/12/8,600032.sh,7.76,7.92,7.75,7.86,8832009
2023/12/11,600032.sh,7.81,7.92,7.67,7.92,7967925
2023/12/12,600032.sh,7.90,7.94,7.87,7.89,4133933
2023/12/13,600032.sh,7.89,8.01,7.86,7.89,6853572
2023/12/14,600032.sh,7.94,7.98,7.87,7.93,6408419
2023/12/15,600032.sh,7.93,8.11,7.86,7.88,14125490
2023/12/18,600032.sh,7.79,7.93,7.64,7.67,10447971
2023/12/19,600032.sh,7.64,7.65,7.55,7.61,7352500
2023/12/20,600032.sh,7.61,7.77,7.59,7.61,6177304
2023/12/21,600032.sh,7.55,7.73,7.46,7.70,6447028
2023/12/22,600032.sh,7.66,7.74,7.57,7.66,6150400
2023/12/25,600032.sh,7.61,7.73,7.61,7.72,4783128
2023/12/26,600032.sh,7.72,7.74,7.65,7.67,3702900
2023/12/27,600032.sh,7.69,7.70,7.58,7.63,3856600
2023/12/28,600032.sh,7.63,7.88,7.60,7.87,8908293
2023/12/29,600032.sh,7.83,7.89,7.80,7.86,5751574
2024/1/2,600032.sh,7.85,8.00,7.81,7.97,7872580
2024/1/3,600032.sh,7.94,8.03,7.92,8.02,6310072
2024/1/4,600032.sh,8.05,8.08,7.90,7.94,5809226
2024/1/5,600032.sh,7.91,8.00,7.77,7.84,5675300
2024/1/8,600032.sh,7.80,7.84,7.62,7.63,4905400
2024/1/9,600032.sh,7.63,7.69,7.53,7.61,5470371
2024/1/10,600032.sh,7.61,7.73,7.53,7.68,4939059
2024/1/11,600032.sh,7.65,7.76,7.62,7.71,4712009
2024/1/12,600032.sh,7.71,7.93,7.69,7.83,7262100
2024/1/15,600032.sh,7.80,7.88,7.72,7.73,4509800
2024/1/16,600032.sh,7.72,7.77,7.58,7.67,5104900
2024/1/17,600032.sh,7.68,7.68,7.47,7.48,5152900
2024/1/18,600032.sh,7.48,7.48,7.09,7.33,10536600
2024/1/19,600032.sh,7.31,7.37,7.19,7.26,5639306
2024/1/22,600032.sh,7.25,7.25,6.79,6.84,6859515
2024/1/23,600032.sh,6.83,7.05,6.75,7.03,9447450
2024/1/24,600032.sh,7.00,7.11,6.81,7.10,7107124
2024/1/25,600032.sh,7.11,7.47,7.10,7.46,8883328
2024/1/26,600032.sh,7.49,7.68,7.41,7.57,7681500
2024/1/29,600032.sh,7.57,7.61,7.37,7.40,6380864
2024/1/30,600032.sh,7.39,7.45,7.12,7.17,6702380
2024/1/31,600032.sh,7.17,7.33,6.94,6.97,7467800
2024/2/1,600032.sh,6.93,7.04,6.79,6.82,8652300
2024/2/2,600032.sh,6.83,6.92,6.29,6.44,11219330
2024/2/5,600032.sh,6.47,6.51,5.85,5.99,12920853
2024/2/6,600032.sh,5.93,6.50,5.86,6.47,13473202
2024/2/7,600032.sh,6.49,6.83,6.40,6.80,15806145
2024/2/8,600032.sh,6.82,7.22,6.82,7.10,17659681
2024/2/19,600032.sh,7.22,7.26,7.01,7.11,10504796
2024/2/20,600032.sh,7.11,7.11,6.97,7.01,9290472
2024/2/21,600032.sh,7.01,7.26,6.92,7.10,9712619
2024/2/22,600032.sh,7.10,7.22,7.05,7.17,6996203
2024/2/23,600032.sh,7.16,7.26,7.11,7.21,7679600
2024/2/26,600032.sh,7.19,7.30,7.12,7.18,8459619
2024/2/27,600032.sh,7.12,7.28,7.08,7.27,7041389
2024/2/28,600032.sh,7.35,7.59,7.14,7.14,14524253
2024/2/29,600032.sh,7.11,7.44,7.06,7.44,11601696
2024/3/1,600032.sh,7.53,7.63,7.33,7.42,11540400
2024/3/4,600032.sh,7.42,7.45,7.22,7.32,8140337
2024/3/5,600032.sh,7.31,7.36,7.22,7.23,6614000
2024/3/6,600032.sh,7.25,7.49,7.23,7.44,10016868
2024/3/7,600032.sh,7.44,7.50,7.27,7.30,7651025
2024/3/8,600032.sh,7.36,7.43,7.28,7.38,5749500
2024/3/11,600032.sh,7.39,7.57,7.39,7.57,10626700
2024/3/12,600032.sh,7.63,7.63,7.40,7.45,11386893
2024/3/13,600032.sh,7.45,7.52,7.39,7.48,6692600
2024/3/14,600032.sh,7.48,7.49,7.33,7.39,5922146
2024/3/15,600032.sh,7.38,7.46,7.33,7.43,6442809
2024/3/18,600032.sh,7.42,7.56,7.42,7.55,10072691
2024/3/19,600032.sh,7.55,7.59,7.46,7.48,6683579
2024/3/20,600032.sh,7.48,7.51,7.40,7.46,6749146
2024/3/21,600032.sh,7.50,7.50,7.28,7.36,8980825
2024/3/22,600032.sh,7.34,7.38,7.16,7.19,8487100
2024/3/25,600032.sh,7.14,7.22,7.06,7.06,6856772
2024/3/26,600032.sh,7.09,7.20,7.04,7.19,6156500
2024/3/27,600032.sh,7.21,7.24,6.91,6.91,6769800
2024/3/28,600032.sh,6.86,7.07,6.86,6.98,6371779
2024/3/29,600032.sh,6.98,7.11,6.97,7.05,4935803
2024/4/1,600032.sh,7.07,7.19,7.07,7.14,5731300
2024/4/2,600032.sh,7.16,7.22,7.13,7.18,5303643
2024/4/3,600032.sh,7.23,7.23,7.09,7.16,4695800
2024/4/8,600032.sh,7.16,7.23,7.08,7.17,7795875
2024/4/9,600032.sh,7.12,7.26,7.05,7.25,6998800
2024/4/10,600032.sh,7.17,7.33,7.17,7.20,9320901
2024/4/11,600032.sh,7.10,7.36,7.06,7.32,11857435
2024/4/12,600032.sh,7.31,7.32,7.06,7.09,10440300
2024/4/15,600032.sh,7.08,7.19,6.90,7.05,9844600
2024/4/16,600032.sh,6.94,7.04,6.65,6.68,14541786
2024/4/17,600032.sh,6.73,7.17,6.71,7.16,13489800
2024/4/18,600032.sh,7.23,7.23,6.93,6.95,11978900
2024/4/19,600032.sh,6.89,7.04,6.83,6.87,7683938
2024/4/22,600032.sh,6.83,6.95,6.80,6.86,6447150
2024/4/23,600032.sh,6.87,6.92,6.76,6.79,5990200
2024/4/24,600032.sh,6.80,6.83,6.73,6.81,5331774
2024/4/25,600032.sh,6.77,6.99,6.74,6.92,7884000
2024/4/26,600032.sh,6.88,7.01,6.83,6.98,7726100
2024/4/29,600032.sh,6.98,7.31,6.98,7.30,14066990
2024/4/30,600032.sh,7.31,7.46,7.29,7.35,12087331
2024/5/6,600032.sh,7.45,7.62,7.45,7.53,14743331
2024/5/7,600032.sh,7.54,7.62,7.49,7.59,12191400
2024/5/8,600032.sh,7.61,7.72,7.52,7.53,14829900
2024/5/9,600032.sh,7.61,7.68,7.55,7.63,12220000
2024/5/10,600032.sh,7.64,7.86,7.63,7.79,21010350
2024/5/13,600032.sh,7.83,7.88,7.61,7.76,19971900
2024/5/14,600032.sh,7.80,8.25,7.66,7.95,44216115
2024/5/15,600032.sh,7.95,8.05,7.69,7.72,29189351
2024/5/16,600032.sh,7.71,7.84,7.66,7.70,17249602
2024/5/17,600032.sh,7.68,7.84,7.67,7.74,12365480
2024/5/20,600032.sh,7.80,8.00,7.80,7.96,20574112
2024/5/21,600032.sh,7.96,7.98,7.85,7.92,13446304
2024/5/22,600032.sh,8.07,8.13,7.90,7.95,15842317
2024/5/23,600032.sh,7.92,7.96,7.78,7.80,12832300
2024/5/24,600032.sh,7.85,8.38,7.83,8.08,36704762
2024/5/27,600032.sh,8.02,8.15,7.90,7.95,26280170
2024/5/28,600032.sh,7.89,8.14,7.86,8.04,24013200
2024/5/29,600032.sh,8.07,8.12,7.88,8.05,18700770
2024/5/30,600032.sh,8.09,8.13,7.79,7.82,19901408
2024/5/31,600032.sh,7.82,7.89,7.69,7.84,14278170
2024/6/3,600032.sh,7.87,7.92,7.69,7.80,14675108
2024/6/4,600032.sh,7.79,7.94,7.66,7.93,12469593
2024/6/5,600032.sh,7.93,7.95,7.81,7.82,10039156
2024/6/6,600032.sh,7.75,7.85,7.66,7.69,11307200
2024/6/7,600032.sh,7.70,7.84,7.68,7.80,9185568
2024/6/11,600032.sh,7.70,7.91,7.69,7.78,11398714
2024/6/12,600032.sh,7.82,7.83,7.70,7.79,8769500
2024/6/13,600032.sh,7.81,8.01,7.77,7.98,19266100
2024/6/14,600032.sh,7.97,8.29,7.81,7.82,41100300
2024/6/17,600032.sh,7.78,7.99,7.58,7.71,21519764
2024/6/18,600032.sh,7.65,7.74,7.55,7.61,11861238
2024/6/19,600032.sh,7.63,7.63,7.31,7.34,14393553
2024/6/20,600032.sh,7.35,7.44,7.26,7.37,9716300
2024/6/21,600032.sh,7.32,7.48,7.30,7.34,6757063
2024/6/24,600032.sh,7.31,7.40,7.13,7.18,7675900
2024/6/25,600032.sh,7.14,7.20,6.94,7.02,8114937
2024/6/26,600032.sh,7.06,7.22,7.00,7.22,6808000
2024/6/27,600032.sh,7.22,7.26,6.94,6.96,8479700
2024/6/28,600032.sh,6.96,7.23,6.93,7.10,7569257
2024/7/1,600032.sh,7.06,7.30,7.06,7.29,6580115
2024/7/2,600032.sh,7.27,7.34,7.20,7.29,5636156
2024/7/3,600032.sh,7.31,7.36,7.22,7.22,4641570
2024/7/4,600032.sh,7.21,7.27,7.00,7.03,5952268
2024/7/5,600032.sh,7.04,7.12,6.95,7.03,4966857
2024/7/8,600032.sh,7.04,7.05,6.88,6.94,5979576
2024/7/9,600032.sh,7.04,7.34,6.95,7.32,12484186
2024/7/10,600032.sh,7.27,7.29,7.13,7.14,8044452
2024/7/11,600032.sh,7.29,7.43,7.18,7.38,10198750
2024/7/12,600032.sh,7.35,7.44,7.31,7.34,5555646
2024/7/15,600032.sh,7.29,7.31,7.18,7.24,5973000
2024/7/16,600032.sh,7.19,7.27,7.14,7.17,4757700
2024/7/17,600032.sh,7.18,7.19,7.06,7.08,4705600
2024/7/18,600032.sh,7.01,7.15,6.94,7.14,5411132
2024/7/19,600032.sh,7.14,7.16,7.05,7.12,5163000
2024/7/22,600032.sh,7.04,7.14,6.99,7.06,4728700
2024/7/23,600032.sh,7.06,7.11,6.91,6.91,5292150
2024/7/24,600032.sh,6.93,7.05,6.86,6.92,5372096
2024/7/25,600032.sh,6.95,7.16,6.91,7.07,5922800
2024/7/26,600032.sh,7.09,7.19,7.05,7.15,5093959
2024/7/29,600032.sh,7.18,7.18,7.06,7.14,3430485
2024/7/30,600032.sh,7.13,7.13,7.00,7.03,4716700
2024/7/31,600032.sh,7.00,7.22,6.96,7.22,7046600
2024/8/1,600032.sh,7.21,7.28,7.17,7.19,4921400
2024/8/2,600032.sh,7.16,7.21,7.07,7.08,3830900
2024/8/5,600032.sh,7.08,7.17,6.96,6.98,6129800
2024/8/6,600032.sh,7.02,7.11,6.97,7.04,4988239
2024/8/7,600032.sh,7.12,7.16,6.98,7.09,5109800
2024/8/8,600032.sh,7.09,7.09,6.97,7.01,5274450
2024/8/9,600032.sh,7.05,7.07,6.96,6.96,3900800
2024/8/12,600032.sh,6.99,7.02,6.91,6.94,3770000
2024/8/13,600032.sh,6.93,7.00,6.86,6.97,3853152
2024/8/14,600032.sh,6.97,7.02,6.91,6.92,3248100
2024/8/15,600032.sh,6.96,7.03,6.85,6.99,5066900
2024/8/16,600032.sh,7.01,7.02,6.89,6.92,5026500
2024/8/19,600032.sh,6.90,6.99,6.87,6.89,3937447
2024/8/20,600032.sh,6.90,6.91,6.70,6.74,5129200
2024/8/21,600032.sh,6.74,6.77,6.67,6.70,2941154
2024/8/22,600032.sh,6.73,6.75,6.63,6.66,3028645
2024/8/23,600032.sh,6.67,6.68,6.60,6.65,3029690
2024/8/26,600032.sh,6.63,6.70,6.61,6.66,3233500
2024/8/27,600032.sh,6.70,6.75,6.65,6.70,4766813
2024/8/28,600032.sh,6.70,6.84,6.65,6.80,5281819
2024/8/29,600032.sh,6.80,6.85,6.72,6.82,3714400
2024/8/30,600032.sh,6.80,6.97,6.80,6.88,5253000
2024/9/2,600032.sh,6.92,7.02,6.90,6.94,7571200
2024/9/3,600032.sh,6.96,7.02,6.89,6.93,4448000
2024/9/4,600032.sh,6.92,6.98,6.82,6.93,3732900
2024/9/5,600032.sh,6.96,6.99,6.85,6.89,2808300
2024/9/6,600032.sh,6.90,6.94,6.72,6.75,3380400
2024/9/9,600032.sh,6.72,6.80,6.70,6.74,4024500
2024/9/10,600032.sh,6.78,6.79,6.57,6.67,4497145
2024/9/11,600032.sh,6.61,6.71,6.56,6.60,3460100
2024/9/12,600032.sh,6.60,6.70,6.55,6.61,3296500
2024/9/13,600032.sh,6.60,6.67,6.56,6.57,2803700
2024/9/18,600032.sh,6.63,6.63,6.42,6.54,4870170
2024/9/19,600032.sh,6.54,6.78,6.53,6.76,5443700
2024/9/20,600032.sh,6.70,6.76,6.65,6.66,5218400
2024/9/23,600032.sh,6.63,6.73,6.62,6.68,3128200
2024/9/24,600032.sh,6.76,7.02,6.71,7.02,7967239
2024/9/25,600032.sh,7.05,7.17,6.99,7.02,8967215
2024/9/26,600032.sh,7.02,7.22,6.99,7.22,8015928
2024/9/27,600032.sh,7.31,7.53,7.26,7.50,7758206
2024/9/30,600032.sh,7.77,8.26,7.77,8.26,24275899
2024/10/8,600032.sh,9.08,9.08,8.31,8.63,28685673
2024/10/9,600032.sh,8.63,8.63,7.88,8.02,21953767
2024/10/10,600032.sh,8.04,8.32,8.02,8.10,13523825
2024/10/11,600032.sh,8.10,8.20,7.93,8.01,11344400
2024/10/14,600032.sh,8.01,8.09,7.91,8.05,9745732
2024/10/15,600032.sh,8.02,8.15,7.91,7.92,7908876
2024/10/16,600032.sh,7.90,8.07,7.88,8.02,7093343
2024/10/17,600032.sh,8.02,8.08,7.87,7.87,7662091
2024/10/18,600032.sh,7.87,8.21,7.79,7.97,15808600
2024/10/21,600032.sh,8.13,8.13,7.94,7.99,10144634
2024/10/22,600032.sh,7.95,8.12,7.94,8.12,8778441
2024/10/23,600032.sh,8.19,8.41,8.12,8.29,14733147
2024/10/24,600032.sh,8.25,8.27,8.07,8.18,7378390
2024/10/25,600032.sh,8.18,8.32,8.13,8.27,7473455
2024/10/28,600032.sh,8.28,8.32,8.16,8.30,9503850
2024/10/29,600032.sh,8.30,8.36,8.01,8.05,11253600
2024/10/30,600032.sh,8.04,8.10,7.91,7.99,8731420
2024/10/31,600032.sh,7.99,8.16,7.99,8.09,9323700
2024/11/1,600032.sh,8.02,8.16,7.87,8.02,9706900
2024/11/4,600032.sh,8.01,8.12,7.97,8.12,8380338
2024/11/5,600032.sh,8.13,8.19,8.06,8.17,11316938
2024/11/6,600032.sh,8.19,8.24,8.05,8.08,12520513
2024/11/7,600032.sh,8.03,8.28,8.01,8.27,14674791
2024/11/8,600032.sh,8.30,8.36,8.13,8.20,13055900
2024/11/11,600032.sh,8.20,8.33,8.14,8.32,13128275
2024/11/12,600032.sh,8.34,8.46,8.24,8.28,15669700
2024/11/13,600032.sh,8.26,8.31,8.16,8.27,7808571
2024/11/14,600032.sh,8.26,8.34,8.05,8.05,9743466
2024/11/15,600032.sh,8.05,8.13,7.96,7.97,7806800
2024/11/18,600032.sh,7.97,8.17,7.97,8.01,8797863
2024/11/19,600032.sh,8.05,8.09,7.94,8.08,6179963
2024/11/20,600032.sh,8.08,8.08,7.99,8.06,6484000
2024/11/21,600032.sh,8.05,8.13,7.92,7.97,9118266
2024/11/22,600032.sh,7.96,7.99,7.65,7.65,10319900
2024/11/25,600032.sh,7.68,7.78,7.65,7.75,6410100
2024/11/26,600032.sh,7.72,7.74,7.59,7.62,5831859
2024/11/27,600032.sh,7.57,7.71,7.35,7.70,8513600
2024/11/28,600032.sh,7.69,7.78,7.65,7.73,6926580
2024/11/29,600032.sh,7.73,7.82,7.69,7.77,6182180
2024/12/2,600032.sh,7.76,7.84,7.73,7.84,7053800
2024/12/3,600032.sh,7.84,7.87,7.73,7.86,7765058
2024/12/4,600032.sh,7.87,7.89,7.73,7.76,7069600
2024/12/5,600032.sh,7.76,7.79,7.71,7.76,4630800
2024/12/6,600032.sh,7.75,7.90,7.72,7.90,8275409
2024/12/9,600032.sh,7.89,7.94,7.79,7.85,6464632
2024/12/10,600032.sh,7.95,8.03,7.80,7.81,10451644
2024/12/11,600032.sh,7.81,7.90,7.80,7.85,6908552
2024/12/12,600032.sh,7.85,7.89,7.78,7.86,7668680
2024/12/13,600032.sh,7.90,7.90,7.71,7.72,9292100
2024/12/16,600032.sh,7.72,7.79,7.69,7.74,6590085
2024/12/17,600032.sh,7.74,7.78,7.64,7.69,7235658
2024/12/18,600032.sh,7.71,7.84,7.70,7.77,7569821
2024/12/19,600032.sh,7.73,7.75,7.59,7.63,6217251
2024/12/20,600032.sh,7.65,7.67,7.57,7.60,4497632
2024/12/23,600032.sh,7.56,7.68,7.45,7.57,8711940
2024/12/24,600032.sh,7.58,7.73,7.55,7.64,6151473
2024/12/25,600032.sh,7.64,7.64,7.50,7.56,4911652
2024/12/26,600032.sh,7.59,7.59,7.47,7.48,4642752
2024/12/27,600032.sh,7.48,7.61,7.46,7.60,5959823
2024/12/30,600032.sh,7.59,7.61,7.51,7.54,4343500
2024/12/31,600032.sh,7.52,7.57,7.35,7.35,6949700
2025/1/2,600032.sh,7.38,7.40,6.99,7.07,7005745
2025/1/3,600032.sh,7.06,7.19,6.97,6.99,6356245
2025/1/6,600032.sh,7.02,7.09,6.95,7.04,6592700
2025/1/7,600032.sh,7.05,7.06,6.97,7.01,4444700
2025/1/8,600032.sh,7.00,7.05,6.85,6.98,6487600
2025/1/9,600032.sh,6.97,6.97,6.88,6.90,3938528
2025/1/10,600032.sh,6.90,6.91,6.77,6.77,4842500
2025/1/13,600032.sh,6.79,6.88,6.73,6.86,5050928
2025/1/14,600032.sh,6.84,6.98,6.84,6.97,7948399
2025/1/15,600032.sh,6.97,6.98,6.85,6.89,5932200
2025/1/16,600032.sh,6.89,6.98,6.88,6.93,5148500
2025/1/17,600032.sh,6.91,7.04,6.88,6.99,5928399
2025/1/20,600032.sh,7.01,7.08,6.96,6.98,4294500
2025/1/21,600032.sh,6.99,7.02,6.93,6.97,3261434
2025/1/22,600032.sh,6.95,7.01,6.91,6.94,3825100
2025/1/23,600032.sh,6.96,7.07,6.80,6.95,5979700
2025/1/24,600032.sh,6.98,7.00,6.91,6.96,4629500
2025/1/27,600032.sh,6.95,7.13,6.95,7.05,8343667
2025/2/5,600032.sh,7.08,7.11,6.95,7.01,6310714
2025/2/6,600032.sh,7.02,7.08,6.95,7.06,6651456
2025/2/7,600032.sh,7.08,7.23,7.04,7.20,8933642
2025/2/10,600032.sh,7.20,7.28,7.19,7.22,5758600
2025/2/11,600032.sh,7.22,7.26,7.10,7.16,5376500
2025/2/12,600032.sh,7.16,7.25,7.12,7.24,6125400
2025/2/13,600032.sh,7.24,7.25,7.16,7.17,6696589
2025/2/14,600032.sh,7.18,7.28,7.15,7.28,8277690
2025/2/17,600032.sh,7.31,7.44,7.24,7.40,11682801
2025/2/18,600032.sh,7.41,7.54,7.36,7.40,11828600
2025/2/19,600032.sh,7.36,7.43,7.32,7.39,8156500
2025/2/20,600032.sh,7.35,7.39,7.22,7.26,9488111
2025/2/21,600032.sh,7.32,7.32,7.24,7.29,6096160
2025/2/24,600032.sh,7.26,7.42,7.24,7.31,6366700
2025/2/25,600032.sh,7.29,7.35,7.24,7.31,6123300
2025/2/26,600032.sh,7.32,7.45,7.27,7.44,8272086
2025/2/27,600032.sh,7.47,7.50,7.35,7.43,6230560
2025/2/28,600032.sh,7.78,8.05,7.48,7.50,31221303
2025/3/3,600032.sh,7.45,7.63,7.35,7.44,16805156
2025/3/4,600032.sh,7.43,7.49,7.34,7.36,10244328
2025/3/5,600032.sh,7.34,7.36,7.19,7.23,10013470
2025/3/6,600032.sh,7.25,7.36,7.21,7.34,7984834
2025/3/7,600032.sh,7.34,7.36,7.24,7.26,6288992
2025/3/10,600032.sh,7.24,7.31,7.22,7.25,5002200
2025/3/11,600032.sh,7.23,7.30,7.18,7.30,5169700
2025/3/12,600032.sh,7.30,7.52,7.26,7.51,11753438
2025/3/13,600032.sh,7.51,7.55,7.45,7.55,11886969
2025/3/14,600032.sh,7.55,7.59,7.49,7.55,9745469
2025/3/17,600032.sh,7.54,7.60,7.54,7.57,6700371
2025/3/18,600032.sh,7.57,7.59,7.48,7.53,5754900
2025/3/19,600032.sh,7.53,7.65,7.48,7.63,10578602
2025/3/20,600032.sh,7.63,7.70,7.57,7.60,7632226
2025/3/21,600032.sh,7.60,7.70,7.58,7.63,9550400
2025/3/24,600032.sh,7.64,7.85,7.60,7.72,15402758
2025/3/25,600032.sh,7.73,8.04,7.65,7.95,28917369
2025/3/26,600032.sh,7.90,7.90,7.72,7.76,20690021
2025/3/27,600032.sh,7.68,7.79,7.53,7.57,14241488
2025/3/28,600032.sh,7.54,7.61,7.47,7.50,7643933
2025/3/31,600032.sh,7.48,7.66,7.45,7.51,10135700
2025/4/1,600032.sh,7.53,7.87,7.53,7.79,16528732
2025/4/2,600032.sh,7.73,7.75,7.63,7.68,8955600
2025/4/3,600032.sh,7.62,8.44,7.61,8.44,58330274
2025/4/7,600032.sh,8.09,9.24,7.99,8.87,105578446
2025/4/8,600032.sh,8.50,9.14,8.50,9.00,90448771
2025/4/9,600032.sh,8.79,8.80,8.10,8.53,74608922
2025/4/10,600032.sh,8.25,8.78,8.21,8.56,65542042
2025/4/11,600032.sh,8.42,8.46,8.13,8.16,48752462
2025/4/14,600032.sh,8.17,8.90,8.15,8.81,69614820
2025/4/15,600032.sh,8.74,8.74,8.48,8.70,49534948
2025/4/16,600032.sh,8.55,8.78,8.37,8.42,36683475
2025/4/17,600032.sh,8.39,8.83,8.26,8.64,44345082
2025/4/18,600032.sh,8.54,8.54,8.31,8.33,29894082
2025/4/21,600032.sh,8.25,8.49,8.22,8.38,25682115
2025/4/22,600032.sh,8.13,8.21,7.77,7.86,47283600
2025/4/23,600032.sh,7.80,7.89,7.76,7.77,22835000
2025/4/24,600032.sh,7.77,7.98,7.76,7.87,26123700
2025/4/25,600032.sh,7.90,8.19,7.77,8.10,36628513
2025/4/28,600032.sh,8.14,8.15,7.77,7.79,26218448
2025/4/29,600032.sh,7.77,7.77,7.43,7.51,22910700
2025/4/30,600032.sh,7.48,7.55,7.44,7.47,11492620
2025/5/6,600032.sh,7.55,7.64,7.45,7.61,15107419
2025/5/7,600032.sh,7.67,7.72,7.58,7.64,14407900
2025/5/8,600032.sh,7.64,7.75,7.60,7.70,14392233
2025/5/9,600032.sh,7.70,7.76,7.63,7.67,13363296
2025/5/12,600032.sh,7.68,7.70,7.57,7.62,14836941
2025/5/13,600032.sh,7.65,7.67,7.57,7.63,13808700
2025/5/14,600032.sh,7.63,7.71,7.52,7.70,16945862
2025/5/15,600032.sh,7.65,7.70,7.58,7.58,12299892
2025/5/16,600032.sh,7.60,7.68,7.57,7.58,8829348
2025/5/19,600032.sh,7.55,7.61,7.54,7.60,7694062
2025/5/20,600032.sh,7.56,7.82,7.55,7.78,23451548
2025/5/21,600032.sh,7.77,7.93,7.73,7.78,22410821
2025/5/22,600032.sh,7.75,7.75,7.56,7.57,16398932
2025/5/23,600032.sh,7.57,7.59,7.34,7.35,15055669
2025/5/26,600032.sh,7.33,7.42,7.31,7.42,6716900
2025/5/27,600032.sh,7.48,7.85,7.48,7.75,30682820
2025/5/28,600032.sh,7.69,8.35,7.65,8.06,45514739
2025/5/29,600032.sh,8.06,8.13,7.85,7.98,30012002
2025/5/30,600032.sh,7.92,8.02,7.77,7.78,18069560
2025/6/3,600032.sh,7.73,7.84,7.68,7.84,14131100
2025/6/4,600032.sh,7.81,7.85,7.74,7.78,10639300
2025/6/5,600032.sh,7.83,7.85,7.68,7.72,12528500
2025/6/6,600032.sh,7.76,7.78,7.68,7.75,7961300
2025/6/9,600032.sh,7.76,7.77,7.71,7.76,8276000
2025/6/10,600032.sh,7.76,7.80,7.68,7.71,13291173
2025/6/11,600032.sh,7.69,7.75,7.61,7.70,8518600
2025/6/12,600032.sh,7.70,7.72,7.54,7.57,10491800
2025/6/13,600032.sh,7.55,7.64,7.47,7.51,9912800
2025/6/16,600032.sh,7.52,7.56,7.47,7.56,7303700
2025/6/17,600032.sh,7.54,7.55,7.48,7.54,5169600
2025/6/18,600032.sh,7.53,7.56,7.44,7.45,7070700
2025/6/19,600032.sh,7.45,7.46,7.31,7.33,9136025
2025/6/20,600032.sh,7.32,7.37,7.31,7.31,4821099
2025/6/23,600032.sh,7.29,7.37,7.21,7.35,5253100
2025/6/24,600032.sh,7.36,7.43,7.35,7.43,5898800
2025/6/25,600032.sh,7.43,7.53,7.40,7.51,8908500
2025/6/26,600032.sh,7.51,7.52,7.47,7.49,5875799
2025/6/27,600032.sh,7.50,7.56,7.48,7.52,6529763
2025/6/30,600032.sh,7.53,7.59,7.51,7.52,8118114
2025/7/1,600032.sh,7.51,7.60,7.49,7.57,11887899
2025/7/2,600032.sh,7.57,7.60,7.52,7.56,6483460
2025/7/3,600032.sh,7.56,7.58,7.49,7.53,6592800
2025/7/4,600032.sh,7.54,7.70,7.51,7.60,13150010
2025/7/7,600032.sh,7.71,7.81,7.63,7.81,24137300
2025/7/8,600032.sh,7.86,7.86,7.67,7.74,17502348
2025/7/9,600032.sh,7.74,7.82,7.68,7.76,14386467
2025/7/10,600032.sh,7.75,7.83,7.71,7.76,10137197
2025/7/11,600032.sh,7.79,7.79,7.68,7.71,11473848
2025/7/14,600032.sh,7.72,7.90,7.70,7.81,16682493
2025/7/15,600032.sh,7.84,7.84,7.59,7.61,13684700
2025/7/16,600032.sh,7.63,7.67,7.59,7.61,7042749
2025/7/17,600032.sh,7.63,7.71,7.60,7.68,9105000
2025/7/18,600032.sh,7.69,7.69,7.61,7.68,7128170
2025/7/21,600032.sh,7.67,7.75,7.66,7.74,9602863
2025/7/22,600032.sh,7.74,7.80,7.70,7.80,11637570
2025/7/23,600032.sh,7.87,7.87,7.72,7.73,10423000
2025/7/24,600032.sh,7.71,7.80,7.69,7.80,10420119
2025/7/25,600032.sh,7.79,7.80,7.72,7.73,9588200
2025/7/28,600032.sh,7.71,7.74,7.65,7.67,10448200
2025/7/29,600032.sh,7.66,7.69,7.57,7.63,8036200
2025/7/30,600032.sh,7.63,7.69,7.60,7.63,7215427
2025/7/31,600032.sh,7.63,7.64,7.44,7.45,11264806
2025/8/1,600032.sh,7.46,7.54,7.46,7.49,4347510
2025/8/4,600032.sh,7.47,7.54,7.42,7.53,4510200
2025/8/5,600032.sh,7.53,7.56,7.51,7.54,4615950
2025/8/6,600032.sh,7.54,7.56,7.51,7.54,4263200
2025/8/7,600032.sh,7.54,7.57,7.51,7.55,5311289
2025/8/8,600032.sh,7.55,7.61,7.53,7.55,6329800
2025/8/11,600032.sh,7.55,7.60,7.48,7.59,6483150
2025/8/12,600032.sh,7.59,7.60,7.53,7.56,4701900
2025/8/13,600032.sh,7.57,7.59,7.55,7.57,5254700
2025/8/14,600032.sh,7.58,7.58,7.44,7.46,8957898
2025/8/15,600032.sh,7.49,7.55,7.45,7.54,6086300
2025/8/18,600032.sh,7.56,7.58,7.53,7.57,9682993
2025/8/19,600032.sh,7.57,7.58,7.50,7.51,7089958
2025/8/20,600032.sh,7.50,7.57,7.48,7.57,7060950
2025/8/21,600032.sh,7.57,7.64,7.56,7.64,11308048
2025/8/22,600032.sh,7.63,7.66,7.59,7.64,8799948
2025/8/25,600032.sh,7.64,7.68,7.62,7.65,14806300
2025/8/26,600032.sh,7.67,7.77,7.63,7.71,15109381
2025/8/27,600032.sh,7.71,7.79,7.61,7.62,14949300
2025/8/28,600032.sh,7.60,7.65,7.46,7.61,13882102
2025/8/29,600032.sh,7.61,7.67,7.57,7.59,9434659
2025/9/1,600032.sh,7.59,7.61,7.53,7.57,7278900
2025/9/2,600032.sh,7.57,7.61,7.49,7.52,7378529
2025/9/3,600032.sh,7.53,7.57,7.41,7.42,9070700
2025/9/4,600032.sh,7.43,7.52,7.40,7.48,9060100
2025/9/5,600032.sh,7.48,7.63,7.44,7.63,11905342
2025/9/8,600032.sh,7.65,7.74,7.63,7.70,11547629
2025/9/9,600032.sh,7.70,7.77,7.67,7.74,12685125
2025/9/10,600032.sh,7.73,7.76,7.61,7.66,9616800
2025/9/11,600032.sh,7.67,7.69,7.61,7.68,9445100
2025/9/12,600032.sh,7.68,7.69,7.61,7.64,6774906
2025/9/15,600032.sh,7.68,7.69,7.58,7.59,7091000
2025/9/16,600032.sh,7.59,7.61,7.49,7.54,8210900
2025/9/17,600032.sh,7.54,7.71,7.51,7.70,11865816
2025/9/18,600032.sh,7.71,7.75,7.52,7.54,13835607
2025/9/19,600032.sh,7.50,7.56,7.43,7.48,9041000
2025/9/22,600032.sh,7.49,7.50,7.37,7.40,6205800
2025/9/23,600032.sh,7.39,7.42,7.22,7.32,8852248
2025/9/24,600032.sh,7.33,7.37,7.30,7.36,5101300
2025/9/25,600032.sh,7.36,7.37,7.25,7.28,6574000
2025/9/26,600032.sh,7.28,7.41,7.26,7.36,7551309
2025/9/29,600032.sh,7.36,7.44,7.28,7.43,6917430
2025/9/30,600032.sh,7.41,7.41,7.35,7.36,5156800
2025/10/9,600032.sh,7.36,7.53,7.36,7.53,8558909
2025/10/10,600032.sh,7.53,7.58,7.48,7.56,8078232
2025/10/13,600032.sh,7.46,7.52,7.41,7.50,8259829
2025/10/14,600032.sh,7.53,7.62,7.50,7.56,10601322
2025/10/15,600032.sh,7.59,7.62,7.51,7.56,6762300
2025/10/16,600032.sh,7.58,7.60,7.49,7.51,5177925
2025/10/17,600032.sh,7.52,7.55,7.39,7.41,6647383
2025/10/20,600032.sh,7.41,7.48,7.34,7.42,6230100
2025/10/21,600032.sh,7.43,7.49,7.40,7.47,6324983
2025/10/22,600032.sh,7.46,7.48,7.43,7.45,4465283
2025/10/23,600032.sh,7.46,7.58,7.40,7.57,7897578
2025/10/24,600032.sh,7.56,7.58,7.45,7.45,8052200
2025/10/27,600032.sh,7.50,7.64,7.46,7.59,13073482
2025/10/28,600032.sh,7.59,7.61,7.52,7.57,7390900
2025/10/29,600032.sh,7.68,7.99,7.60,7.89,38484512
2025/10/30,600032.sh,7.85,8.03,7.81,7.94,26152500
2025/10/31,600032.sh,7.91,8.01,7.81,7.89,18744076
2025/11/3,600032.sh,7.89,7.96,7.80,7.94,13678600
2025/11/4,600032.sh,7.94,8.22,7.93,8.01,21398423
2025/11/5,600032.sh,8.00,8.12,7.91,8.10,17127051
2025/11/6,600032.sh,8.12,8.19,8.07,8.16,16543839
2025/11/7,600032.sh,8.16,8.24,8.11,8.11,13515490
2025/11/10,600032.sh,8.11,8.32,8.11,8.32,17424000
2025/11/11,600032.sh,8.32,8.36,8.22,8.26,11054620
2025/11/12,600032.sh,8.26,8.39,8.16,8.23,14501300
2025/11/13,600032.sh,8.23,8.27,8.12,8.21,11626300
2025/11/14,600032.sh,8.19,8.25,8.08,8.11,13933384
2025/11/17,600032.sh,8.10,8.10,7.93,8.01,12853899
2025/11/18,600032.sh,7.98,8.05,7.84,7.90,9845300
2025/11/19,600032.sh,7.87,8.00,7.81,7.86,7660900
2025/11/20,600032.sh,7.88,7.90,7.81,7.82,7258640
2025/11/21,600032.sh,7.80,7.84,7.50,7.51,12256895
2025/11/24,600032.sh,7.56,7.59,7.38,7.42,12749400
2025/11/25,600032.sh,7.43,7.47,7.38,7.41,16066859
2025/11/26,600032.sh,7.41,7.43,7.36,7.36,11741800
2025/11/27,600032.sh,7.38,7.41,7.35,7.36,8764809
2025/11/28,600032.sh,7.37,7.40,7.29,7.40,10640802
2025/12/1,600032.sh,7.41,7.43,7.37,7.39,11961618
2025/12/2,600032.sh,7.40,7.41,7.32,7.38,7370971
2025/12/3,600032.sh,7.37,7.40,7.32,7.34,9227400
2025/12/4,600032.sh,7.35,7.37,7.26,7.27,7340400
2025/12/5,600032.sh,7.27,7.38,7.22,7.37,9169160
2025/12/8,600032.sh,7.37,7.41,7.34,7.35,7369300
2025/12/9,600032.sh,7.35,7.40,7.26,7.29,7935188
2025/12/10,600032.sh,7.27,7.35,7.26,7.33,6551500
2025/12/11,600032.sh,7.33,7.37,7.28,7.29,6388500
2025/12/12,600032.sh,7.27,7.40,7.27,7.36,13636150
2025/12/15,600032.sh,7.38,7.46,7.37,7.41,10106418
2025/12/16,600032.sh,7.42,7.42,7.28,7.31,7457298
2025/12/17,600032.sh,7.31,7.34,7.22,7.32,8089600
2025/12/18,600032.sh,7.27,7.35,7.26,7.32,4934400
2025/12/19,600032.sh,7.32,7.41,7.29,7.36,7601288
2025/12/22,600032.sh,7.36,7.43,7.35,7.41,6474800
2025/12/23,600032.sh,7.41,7.49,7.36,7.38,5990600
2025/12/24,600032.sh,7.39,7.47,7.35,7.45,6742884
2025/12/25,600032.sh,7.45,7.52,7.42,7.50,7655052
2025/12/26,600032.sh,7.50,7.55,7.47,7.51,7296700
2025/12/29,600032.sh,7.51,7.53,7.44,7.45,7422465
2025/12/30,600032.sh,7.43,7.47,7.33,7.35,7712300
2025/12/31,600032.sh,7.40,7.44,7.36,7.41,7081800
2026/1/5,600032.sh,7.44,7.50,7.43,7.46,8026505
2026/1/6,600032.sh,7.47,7.55,7.45,7.54,7956389
2026/1/7,600032.sh,7.56,7.58,7.51,7.51,6904776
2026/1/8,600032.sh,7.49,7.57,7.47,7.55,6706300
2026/1/9,600032.sh,7.58,7.69,7.53,7.69,10400505
2026/1/12,600032.sh,7.69,7.73,7.61,7.72,11461100
2026/1/13,600032.sh,7.72,7.77,7.64,7.73,12802212
2026/1/14,600032.sh,7.67,7.89,7.67,7.77,19439930
2026/1/15,600032.sh,7.73,7.84,7.73,7.83,10275175
2026/1/16,600032.sh,7.90,8.05,7.73,7.73,14036200
2026/1/19,600032.sh,7.70,7.95,7.68,7.94,16121909
2026/1/20,600032.sh,7.96,8.01,7.90,8.00,13743643
2026/1/21,600032.sh,8.00,8.00,7.88,7.92,9958700
2026/1/22,600032.sh,7.92,7.98,7.86,7.98,9412573
2026/1/23,600032.sh,7.98,8.13,7.98,8.11,12788600
2026/1/26,600032.sh,8.10,8.18,8.01,8.08,11690146
2026/1/27,600032.sh,8.08,8.08,7.86,8.01,11765573
2026/1/28,600032.sh,8.01,8.04,7.92,7.96,8427673
2026/1/29,600032.sh,7.96,8.02,7.88,7.91,9147825
2026/1/30,600032.sh,7.90,7.97,7.72,7.88,11278000
2026/2/2,600032.sh,7.90,8.05,7.80,7.80,14168341
2026/2/3,600032.sh,7.83,7.94,7.81,7.91,10274297
2026/2/4,600032.sh,7.91,8.17,7.88,8.08,15107773
2026/2/5,600032.sh,8.08,8.10,7.85,7.90,9709173
2026/2/6,600032.sh,7.87,8.02,7.83,7.93,7766052
2026/2/9,600032.sh,7.97,8.05,7.94,8.00,8139788
2026/2/10,600032.sh,7.99,8.02,7.86,7.86,6212400
2026/2/11,600032.sh,7.92,8.00,7.87,7.88,6233192
2026/2/12,600032.sh,7.89,7.98,7.86,7.94,6982073
2026/2/13,600032.sh,7.95,7.98,7.78,7.78,7656500
2026/2/24,600032.sh,7.85,8.17,7.81,8.10,16682900
2026/2/25,600032.sh,8.08,8.16,8.06,8.09,10289093
2026/2/26,600032.sh,8.08,8.18,8.07,8.16,10400687
2026/2/27,600032.sh,8.13,8.36,8.12,8.30,15377773
2026/3/2,600032.sh,8.30,8.46,8.22,8.38,22360657
2026/3/3,600032.sh,8.35,8.46,8.25,8.31,22638446
2026/3/4,600032.sh,8.25,8.44,8.19,8.35,19913859
2026/3/5,600032.sh,8.41,8.49,8.32,8.35,18870583
2026/3/6,600032.sh,8.33,8.54,8.27,8.45,18128800
2026/3/9,600032.sh,8.50,8.67,8.49,8.63,27145701
2026/3/10,600032.sh,8.60,8.71,8.45,8.60,23195700
2026/3/11,600032.sh,8.59,9.15,8.39,9.11,55106924
2026/3/12,600032.sh,9.02,9.44,8.92,9.24,92704418
2026/3/13,600032.sh,9.24,9.29,8.92,8.99,58647996
2026/3/16,600032.sh,8.96,9.04,8.58,8.63,43859975
2026/3/17,600032.sh,8.63,9.49,8.50,9.26,111439465
2026/3/18,600032.sh,9.18,9.41,8.95,9.02,92476762
2026/3/19,600032.sh,8.88,9.60,8.88,9.27,95087525
2026/3/20,600032.sh,9.28,10.10,9.16,9.78,112763141
2026/3/23,600032.sh,9.53,10.76,9.45,10.76,164813643
2026/3/24,600032.sh,10.84,11.84,10.06,11.84,182237980
2026/3/25,600032.sh,11.65,13.02,11.40,13.02,171721469
2026/3/26,600032.sh,12.77,14.10,11.72,12.61,219181560
2026/3/27,600032.sh,12.07,12.34,11.48,11.71,136207065
2026/3/30,600032.sh,11.45,11.73,10.54,10.62,120734073
2026/3/31,600032.sh,10.56,10.62,9.97,9.97,107929885
2026/4/1,600032.sh,10.10,10.16,9.71,9.80,75652934
2026/4/2,600032.sh,9.80,9.89,9.34,9.37,81073146
2026/4/3,600032.sh,9.41,9.45,8.91,8.94,61223739
2026/4/7,600032.sh,8.94,9.14,8.84,9.07,50416180
2026/4/8,600032.sh,9.15,9.26,9.10,9.19,55814509
2026/4/9,600032.sh,9.11,9.11,8.91,8.95,41656200
2026/4/10,600032.sh,8.96,9.00,8.87,8.90,35811054
2026/4/13,600032.sh,8.89,9.79,8.85,9.79,105747605
2026/4/14,600032.sh,9.89,10.16,9.71,9.80,123166560
2026/4/15,600032.sh,9.78,9.85,9.51,9.66,81478302
2026/4/16,600032.sh,9.61,9.94,9.51,9.84,65620944
2026/4/17,600032.sh,9.70,10.16,9.60,9.75,63662660
2026/4/20,600032.sh,9.70,9.93,9.60,9.87,66500938
2026/4/21,600032.sh,9.96,10.86,9.51,10.86,117377146
2026/4/22,600032.sh,10.96,11.77,10.95,11.35,175002725
2026/4/23,600032.sh,11.28,12.40,10.75,12.04,160362088
2026/4/24,600032.sh,11.57,11.67,10.85,10.85,111400859
2026/4/27,600032.sh,10.74,11.25,10.38,10.87,78078575
2026/4/28,600032.sh,10.32,10.85,10.21,10.51,86586611
2026/4/29,600032.sh,10.27,10.50,10.13,10.30,59654455
2026/4/30,600032.sh,10.40,10.47,9.84,9.87,65981198
2026/5/6,600032.sh,9.98,10.50,9.95,10.46,68030678
2026/5/7,600032.sh,10.46,10.68,10.38,10.57,64712905
2026/5/8,600032.sh,10.55,11.04,10.33,10.40,65513699
2026/5/11,600032.sh,10.50,10.75,10.35,10.69,68606601
2026/5/12,600032.sh,10.63,11.45,10.30,11.44,128153653
2026/5/13,600032.sh,11.30,12.25,11.06,11.44,131118378
2026/5/14,600032.sh,11.29,11.70,10.67,10.71,93867543
2026/5/15,600032.sh,10.61,10.73,10.10,10.19,65538469
2026/5/18,600032.sh,10.00,11.21,9.98,11.21,115400724
2026/5/19,600032.sh,11.03,11.59,10.88,11.41,119099589
2026/5/20,600032.sh,11.42,11.43,10.50,10.55,78439295
2026/5/21,600032.sh,10.55,11.59,10.45,10.95,106204925
2026/5/22,600032.sh,10.55,10.66,10.09,10.32,84930229
2026/5/25,600032.sh,10.22,10.43,9.63,9.93,85016716
2026/5/26,600032.sh,9.68,9.74,9.10,9.29,64392221
2026/5/27,600032.sh,9.25,9.66,9.05,9.45,60139490
2026/5/28,600032.sh,9.41,10.40,9.23,10.40,80325077
2026/5/29,600032.sh,10.61,11.22,10.58,10.61,123893200
2026/6/1,600032.sh,10.80,10.83,10.11,10.67,81111620
2026/6/2,600032.sh,10.61,11.13,10.18,10.92,97893957
2026/6/3,600032.sh,10.75,11.43,10.60,11.43,116126948
2026/6/4,600032.sh,11.10,11.45,10.79,10.87,74291463
2026/6/5,600032.sh,10.93,11.22,10.23,10.29,66021781
